customer_id,first_name,last_name,email
1,MARY,SMITH,MARY.SMITH@sakilacustomer.org
2,PATRICIA,JOHNSON,PATRICIA.JOHNSON@sakilacustomer.org
3,LINDA,WILLIAMS,LINDA.WILLIAMS@sakilacustomer.org
4,BARBARA,JONES,BARBARA.JONES@sakilacustomer.org
5,ELIZABETH,BROWN,ELIZABETH.BROWN@sakilacustomer.org
6,JENNIFER,DAVIS,JENNIFER.DAVIS@sakilacustomer.org
7,MARIA,MILLER,MARIA.MILLER@sakilacustomer.org
8,SUSAN,WILSON,SUSAN.WILSON@sakilacustomer.org
9,MARGARET,MOORE,MARGARET.MOORE@sakilacustomer.org
10,DOROTHY,TAYLOR,DOROTHY.TAYLOR@sakilacustomer.org
11,LISA,ANDERSON,LISA.ANDERSON@sakilacustomer.org
12,NANCY,THOMAS,NANCY.THOMAS@sakilacustomer.org
13,KAREN,JACKSON,KAREN.JACKSON@sakilacustomer.org
14,BETTY,WHITE,BETTY.WHITE@sakilacustomer.org
15,HELEN,HARRIS,HELEN.HARRIS@sakilacustomer.org
16,SANDRA,MARTIN,SANDRA.MARTIN@sakilacustomer.org
17,DONNA,THOMPSON,DONNA.THOMPSON@sakilacustomer.org
18,CAROL,GARCIA,CAROL.GARCIA@sakilacustomer.org
19,RUTH,MARTINEZ,RUTH.MARTINEZ@sakilacustomer.org
20,SHARON,ROBINSON,SHARON.ROBINSON@sakilacustomer.org
21,MICHELLE,CLARK,MICHELLE.CLARK@sakilacustomer.org
22,LAURA,RODRIGUEZ,LAURA.RODRIGUEZ@sakilacustomer.org
23,SARAH,LEWIS,SARAH.LEWIS@sakilacustomer.org
24,KIMBERLY,LEE,KIMBERLY.LEE@sakilacustomer.org
25,DEBORAH,WALKER,DEBORAH.WALKER@sakilacustomer.org
26,JESSICA,HALL,JESSICA.HALL@sakilacustomer.org
27,SHIRLEY,ALLEN,SHIRLEY.ALLEN@sakilacustomer.org
28,CYNTHIA,YOUNG,CYNTHIA.YOUNG@sakilacustomer.org
29,ANGELA,HERNANDEZ,ANGELA.HERNANDEZ@sakilacustomer.org
30,MELISSA,KING,MELISSA.KING@sakilacustomer.org
31,BRENDA,WRIGHT,BRENDA.WRIGHT@sakilacustomer.org
32,AMY,LOPEZ,AMY.LOPEZ@sakilacustomer.org
33,ANNA,HILL,ANNA.HILL@sakilacustomer.org
34,REBECCA,SCOTT,REBECCA.SCOTT@sakilacustomer.org
35,VIRGINIA,GREEN,VIRGINIA.GREEN@sakilacustomer.org
36,KATHLEEN,ADAMS,KATHLEEN.ADAMS@sakilacustomer.org
37,PAMELA,BAKER,PAMELA.BAKER@sakilacustomer.org
38,MARTHA,GONZALEZ,MARTHA.GONZALEZ@sakilacustomer.org
39,DEBRA,NELSON,DEBRA.NELSON@sakilacustomer.org
40,AMANDA,CARTER,AMANDA.CARTER@sakilacustomer.org
41,STEPHANIE,MITCHELL,STEPHANIE.MITCHELL@sakilacustomer.org
42,CAROLYN,PEREZ,CAROLYN.PEREZ@sakilacustomer.org
43,CHRISTINE,ROBERTS,CHRISTINE.ROBERTS@sakilacustomer.org
44,MARIE,TURNER,MARIE.TURNER@sakilacustomer.org
45,JANET,PHILLIPS,JANET.PHILLIPS@sakilacustomer.org
46,CATHERINE,CAMPBELL,CATHERINE.CAMPBELL@sakilacustomer.org
47,FRANCES,PARKER,FRANCES.PARKER@sakilacustomer.org
48,ANN,EVANS,ANN.EVANS@sakilacustomer.org
49,JOYCE,EDWARDS,JOYCE.EDWARDS@sakilacustomer.org
50,DIANE,COLLINS,DIANE.COLLINS@sakilacustomer.org
51,ALICE,STEWART,ALICE.STEWART@sakilacustomer.org
52,JULIE,SANCHEZ,JULIE.SANCHEZ@sakilacustomer.org
53,HEATHER,MORRIS,HEATHER.MORRIS@sakilacustomer.org
54,TERESA,ROGERS,TERESA.ROGERS@sakilacustomer.org
55,DORIS,REED,DORIS.REED@sakilacustomer.org
56,GLORIA,COOK,GLORIA.COOK@sakilacustomer.org
57,EVELYN,MORGAN,EVELYN.MORGAN@sakilacustomer.org
58,JEAN,BELL,JEAN.BELL@sakilacustomer.org
59,CHERYL,MURPHY,CHERYL.MURPHY@sakilacustomer.org
60,MILDRED,BAILEY,MILDRED.BAILEY@sakilacustomer.org
61,KATHERINE,RIVERA,KATHERINE.RIVERA@sakilacustomer.org
62,JOAN,COOPER,JOAN.COOPER@sakilacustomer.org
63,ASHLEY,RICHARDSON,ASHLEY.RICHARDSON@sakilacustomer.org
64,JUDITH,COX,JUDITH.COX@sakilacustomer.org
65,ROSE,HOWARD,ROSE.HOWARD@sakilacustomer.org
66,JANICE,WARD,JANICE.WARD@sakilacustomer.org
67,KELLY,TORRES,KELLY.TORRES@sakilacustomer.org
68,NICOLE,PETERSON,NICOLE.PETERSON@sakilacustomer.org
69,JUDY,GRAY,JUDY.GRAY@sakilacustomer.org
70,CHRISTINA,RAMIREZ,CHRISTINA.RAMIREZ@sakilacustomer.org
71,KATHY,JAMES,KATHY.JAMES@sakilacustomer.org
72,THERESA,WATSON,THERESA.WATSON@sakilacustomer.org
73,BEVERLY,BROOKS,BEVERLY.BROOKS@sakilacustomer.org
74,DENISE,KELLY,DENISE.KELLY@sakilacustomer.org
75,TAMMY,SANDERS,TAMMY.SANDERS@sakilacustomer.org
76,IRENE,PRICE,IRENE.PRICE@sakilacustomer.org
77,JANE,BENNETT,JANE.BENNETT@sakilacustomer.org
78,LORI,WOOD,LORI.WOOD@sakilacustomer.org
79,RACHEL,BARNES,RACHEL.BARNES@sakilacustomer.org
80,MARILYN,ROSS,MARILYN.ROSS@sakilacustomer.org
81,ANDREA,HENDERSON,ANDREA.HENDERSON@sakilacustomer.org
82,KATHRYN,COLEMAN,KATHRYN.COLEMAN@sakilacustomer.org
83,LOUISE,JENKINS,LOUISE.JENKINS@sakilacustomer.org
84,SARA,PERRY,SARA.PERRY@sakilacustomer.org
85,ANNE,POWELL,ANNE.POWELL@sakilacustomer.org
86,JACQUELINE,LONG,JACQUELINE.LONG@sakilacustomer.org
87,WANDA,PATTERSON,WANDA.PATTERSON@sakilacustomer.org
88,BONNIE,HUGHES,BONNIE.HUGHES@sakilacustomer.org
89,JULIA,FLORES,JULIA.FLORES@sakilacustomer.org
90,RUBY,WASHINGTON,RUBY.WASHINGTON@sakilacustomer.org
91,LOIS,BUTLER,LOIS.BUTLER@sakilacustomer.org
92,TINA,SIMMONS,TINA.SIMMONS@sakilacustomer.org
93,PHYLLIS,FOSTER,PHYLLIS.FOSTER@sakilacustomer.org
94,NORMA,GONZALES,NORMA.GONZALES@sakilacustomer.org
95,PAULA,BRYANT,PAULA.BRYANT@sakilacustomer.org
96,DIANA,ALEXANDER,DIANA.ALEXANDER@sakilacustomer.org
97,ANNIE,RUSSELL,ANNIE.RUSSELL@sakilacustomer.org
98,LILLIAN,GRIFFIN,LILLIAN.GRIFFIN@sakilacustomer.org
99,EMILY,DIAZ,EMILY.DIAZ@sakilacustomer.org
100,ROBIN,HAYES,ROBIN.HAYES@sakilacustomer.org
101,PEGGY,MYERS,PEGGY.MYERS@sakilacustomer.org
102,CRYSTAL,FORD,CRYSTAL.FORD@sakilacustomer.org
103,GLADYS,HAMILTON,GLADYS.HAMILTON@sakilacustomer.org
104,RITA,GRAHAM,RITA.GRAHAM@sakilacustomer.org
105,DAWN,SULLIVAN,DAWN.SULLIVAN@sakilacustomer.org
106,CONNIE,WALLACE,CONNIE.WALLACE@sakilacustomer.org
107,FLORENCE,WOODS,FLORENCE.WOODS@sakilacustomer.org
108,TRACY,COLE,TRACY.COLE@sakilacustomer.org
109,EDNA,WEST,EDNA.WEST@sakilacustomer.org
110,TIFFANY,JORDAN,TIFFANY.JORDAN@sakilacustomer.org
111,CARMEN,OWENS,CARMEN.OWENS@sakilacustomer.org
112,ROSA,REYNOLDS,ROSA.REYNOLDS@sakilacustomer.org
113,CINDY,FISHER,CINDY.FISHER@sakilacustomer.org
114,GRACE,ELLIS,GRACE.ELLIS@sakilacustomer.org
115,WENDY,HARRISON,WENDY.HARRISON@sakilacustomer.org
116,VICTORIA,GIBSON,VICTORIA.GIBSON@sakilacustomer.org
117,EDITH,MCDONALD,EDITH.MCDONALD@sakilacustomer.org
118,KIM,CRUZ,KIM.CRUZ@sakilacustomer.org
119,SHERRY,MARSHALL,SHERRY.MARSHALL@sakilacustomer.org
120,SYLVIA,ORTIZ,SYLVIA.ORTIZ@sakilacustomer.org
121,JOSEPHINE,GOMEZ,JOSEPHINE.GOMEZ@sakilacustomer.org
122,THELMA,MURRAY,THELMA.MURRAY@sakilacustomer.org
123,SHANNON,FREEMAN,SHANNON.FREEMAN@sakilacustomer.org
124,SHEILA,WELLS,SHEILA.WELLS@sakilacustomer.org
125,ETHEL,WEBB,ETHEL.WEBB@sakilacustomer.org
126,ELLEN,SIMPSON,ELLEN.SIMPSON@sakilacustomer.org
127,ELAINE,STEVENS,ELAINE.STEVENS@sakilacustomer.org
128,MARJORIE,TUCKER,MARJORIE.TUCKER@sakilacustomer.org
129,CARRIE,PORTER,CARRIE.PORTER@sakilacustomer.org
130,CHARLOTTE,HUNTER,CHARLOTTE.HUNTER@sakilacustomer.org
131,MONICA,HICKS,MONICA.HICKS@sakilacustomer.org
132,ESTHER,CRAWFORD,ESTHER.CRAWFORD@sakilacustomer.org
133,PAULINE,HENRY,PAULINE.HENRY@sakilacustomer.org
134,EMMA,BOYD,EMMA.BOYD@sakilacustomer.org
135,JUANITA,MASON,JUANITA.MASON@sakilacustomer.org
136,ANITA,MORALES,ANITA.MORALES@sakilacustomer.org
137,RHONDA,KENNEDY,RHONDA.KENNEDY@sakilacustomer.org
138,HAZEL,WARREN,HAZEL.WARREN@sakilacustomer.org
139,AMBER,DIXON,AMBER.DIXON@sakilacustomer.org
140,EVA,RAMOS,EVA.RAMOS@sakilacustomer.org
141,DEBBIE,REYES,DEBBIE.REYES@sakilacustomer.org
142,APRIL,BURNS,APRIL.BURNS@sakilacustomer.org
143,LESLIE,GORDON,LESLIE.GORDON@sakilacustomer.org
144,CLARA,SHAW,CLARA.SHAW@sakilacustomer.org
145,LUCILLE,HOLMES,LUCILLE.HOLMES@sakilacustomer.org
146,JAMIE,RICE,JAMIE.RICE@sakilacustomer.org
147,JOANNE,ROBERTSON,JOANNE.ROBERTSON@sakilacustomer.org
148,ELEANOR,HUNT,ELEANOR.HUNT@sakilacustomer.org
149,VALERIE,BLACK,VALERIE.BLACK@sakilacustomer.org
150,DANIELLE,DANIELS,DANIELLE.DANIELS@sakilacustomer.org
151,MEGAN,PALMER,MEGAN.PALMER@sakilacustomer.org
152,ALICIA,MILLS,ALICIA.MILLS@sakilacustomer.org
153,SUZANNE,NICHOLS,SUZANNE.NICHOLS@sakilacustomer.org
154,MICHELE,GRANT,MICHELE.GRANT@sakilacustomer.org
155,GAIL,KNIGHT,GAIL.KNIGHT@sakilacustomer.org
156,BERTHA,FERGUSON,BERTHA.FERGUSON@sakilacustomer.org
157,DARLENE,ROSE,DARLENE.ROSE@sakilacustomer.org
158,VERONICA,STONE,VERONICA.STONE@sakilacustomer.org
159,JILL,HAWKINS,JILL.HAWKINS@sakilacustomer.org
160,ERIN,DUNN,ERIN.DUNN@sakilacustomer.org
161,GERALDINE,PERKINS,GERALDINE.PERKINS@sakilacustomer.org
162,LAUREN,HUDSON,LAUREN.HUDSON@sakilacustomer.org
163,CATHY,SPENCER,CATHY.SPENCER@sakilacustomer.org
164,JOANN,GARDNER,JOANN.GARDNER@sakilacustomer.org
165,LORRAINE,STEPHENS,LORRAINE.STEPHENS@sakilacustomer.org
166,LYNN,PAYNE,LYNN.PAYNE@sakilacustomer.org
167,SALLY,PIERCE,SALLY.PIERCE@sakilacustomer.org
168,REGINA,BERRY,REGINA.BERRY@sakilacustomer.org
169,ERICA,MATTHEWS,ERICA.MATTHEWS@sakilacustomer.org
170,BEATRICE,ARNOLD,BEATRICE.ARNOLD@sakilacustomer.org
171,DOLORES,WAGNER,DOLORES.WAGNER@sakilacustomer.org
172,BERNICE,WILLIS,BERNICE.WILLIS@sakilacustomer.org
173,AUDREY,RAY,AUDREY.RAY@sakilacustomer.org
174,YVONNE,WATKINS,YVONNE.WATKINS@sakilacustomer.org
175,ANNETTE,OLSON,ANNETTE.OLSON@sakilacustomer.org
176,JUNE,CARROLL,JUNE.CARROLL@sakilacustomer.org
177,SAMANTHA,DUNCAN,SAMANTHA.DUNCAN@sakilacustomer.org
178,MARION,SNYDER,MARION.SNYDER@sakilacustomer.org
179,DANA,HART,DANA.HART@sakilacustomer.org
180,STACY,CUNNINGHAM,STACY.CUNNINGHAM@sakilacustomer.org
181,ANA,BRADLEY,ANA.BRADLEY@sakilacustomer.org
182,RENEE,LANE,RENEE.LANE@sakilacustomer.org
183,IDA,ANDREWS,IDA.ANDREWS@sakilacustomer.org
184,VIVIAN,RUIZ,VIVIAN.RUIZ@sakilacustomer.org
185,ROBERTA,HARPER,ROBERTA.HARPER@sakilacustomer.org
186,HOLLY,FOX,HOLLY.FOX@sakilacustomer.org
187,BRITTANY,RILEY,BRITTANY.RILEY@sakilacustomer.org
188,MELANIE,ARMSTRONG,MELANIE.ARMSTRONG@sakilacustomer.org
189,LORETTA,CARPENTER,LORETTA.CARPENTER@sakilacustomer.org
190,YOLANDA,WEAVER,YOLANDA.WEAVER@sakilacustomer.org
191,JEANETTE,GREENE,JEANETTE.GREENE@sakilacustomer.org
192,LAURIE,LAWRENCE,LAURIE.LAWRENCE@sakilacustomer.org
193,KATIE,ELLIOTT,KATIE.ELLIOTT@sakilacustomer.org
194,KRISTEN,CHAVEZ,KRISTEN.CHAVEZ@sakilacustomer.org
195,VANESSA,SIMS,VANESSA.SIMS@sakilacustomer.org
196,ALMA,AUSTIN,ALMA.AUSTIN@sakilacustomer.org
197,SUE,PETERS,SUE.PETERS@sakilacustomer.org
198,ELSIE,KELLEY,ELSIE.KELLEY@sakilacustomer.org
199,BETH,FRANKLIN,BETH.FRANKLIN@sakilacustomer.org
200,JEANNE,LAWSON,JEANNE.LAWSON@sakilacustomer.org
201,VICKI,FIELDS,VICKI.FIELDS@sakilacustomer.org
202,CARLA,GUTIERREZ,CARLA.GUTIERREZ@sakilacustomer.org
203,TARA,RYAN,TARA.RYAN@sakilacustomer.org
204,ROSEMARY,SCHMIDT,ROSEMARY.SCHMIDT@sakilacustomer.org
205,EILEEN,CARR,EILEEN.CARR@sakilacustomer.org
206,TERRI,VASQUEZ,TERRI.VASQUEZ@sakilacustomer.org
207,GERTRUDE,CASTILLO,GERTRUDE.CASTILLO@sakilacustomer.org
208,LUCY,WHEELER,LUCY.WHEELER@sakilacustomer.org
209,TONYA,CHAPMAN,TONYA.CHAPMAN@sakilacustomer.org
210,ELLA,OLIVER,ELLA.OLIVER@sakilacustomer.org
211,STACEY,MONTGOMERY,STACEY.MONTGOMERY@sakilacustomer.org
212,WILMA,RICHARDS,WILMA.RICHARDS@sakilacustomer.org
213,GINA,WILLIAMSON,GINA.WILLIAMSON@sakilacustomer.org
214,KRISTIN,JOHNSTON,KRISTIN.JOHNSTON@sakilacustomer.org
215,JESSIE,BANKS,JESSIE.BANKS@sakilacustomer.org
216,NATALIE,MEYER,NATALIE.MEYER@sakilacustomer.org
217,AGNES,BISHOP,AGNES.BISHOP@sakilacustomer.org
218,VERA,MCCOY,VERA.MCCOY@sakilacustomer.org
219,WILLIE,HOWELL,WILLIE.HOWELL@sakilacustomer.org
220,CHARLENE,ALVAREZ,CHARLENE.ALVAREZ@sakilacustomer.org
221,BESSIE,MORRISON,BESSIE.MORRISON@sakilacustomer.org
222,DELORES,HANSEN,DELORES.HANSEN@sakilacustomer.org
223,MELINDA,FERNANDEZ,MELINDA.FERNANDEZ@sakilacustomer.org
224,PEARL,GARZA,PEARL.GARZA@sakilacustomer.org
225,ARLENE,HARVEY,ARLENE.HARVEY@sakilacustomer.org
226,MAUREEN,LITTLE,MAUREEN.LITTLE@sakilacustomer.org
227,COLLEEN,BURTON,COLLEEN.BURTON@sakilacustomer.org
228,ALLISON,STANLEY,ALLISON.STANLEY@sakilacustomer.org
229,TAMARA,NGUYEN,TAMARA.NGUYEN@sakilacustomer.org
230,JOY,GEORGE,JOY.GEORGE@sakilacustomer.org
231,GEORGIA,JACOBS,GEORGIA.JACOBS@sakilacustomer.org
232,CONSTANCE,REID,CONSTANCE.REID@sakilacustomer.org
233,LILLIE,KIM,LILLIE.KIM@sakilacustomer.org
234,CLAUDIA,FULLER,CLAUDIA.FULLER@sakilacustomer.org
235,JACKIE,LYNCH,JACKIE.LYNCH@sakilacustomer.org
236,MARCIA,DEAN,MARCIA.DEAN@sakilacustomer.org
237,TANYA,GILBERT,TANYA.GILBERT@sakilacustomer.org
238,NELLIE,GARRETT,NELLIE.GARRETT@sakilacustomer.org
239,MINNIE,ROMERO,MINNIE.ROMERO@sakilacustomer.org
240,MARLENE,WELCH,MARLENE.WELCH@sakilacustomer.org
241,HEIDI,LARSON,HEIDI.LARSON@sakilacustomer.org
242,GLENDA,FRAZIER,GLENDA.FRAZIER@sakilacustomer.org
243,LYDIA,BURKE,LYDIA.BURKE@sakilacustomer.org
244,VIOLA,HANSON,VIOLA.HANSON@sakilacustomer.org
245,COURTNEY,DAY,COURTNEY.DAY@sakilacustomer.org
246,MARIAN,MENDOZA,MARIAN.MENDOZA@sakilacustomer.org
247,STELLA,MORENO,STELLA.MORENO@sakilacustomer.org
248,CAROLINE,BOWMAN,CAROLINE.BOWMAN@sakilacustomer.org
249,DORA,MEDINA,DORA.MEDINA@sakilacustomer.org
250,JO,FOWLER,JO.FOWLER@sakilacustomer.org
251,VICKIE,BREWER,VICKIE.BREWER@sakilacustomer.org
252,MATTIE,HOFFMAN,MATTIE.HOFFMAN@sakilacustomer.org
253,TERRY,CARLSON,TERRY.CARLSON@sakilacustomer.org
254,MAXINE,SILVA,MAXINE.SILVA@sakilacustomer.org
255,IRMA,PEARSON,IRMA.PEARSON@sakilacustomer.org
256,MABEL,HOLLAND,MABEL.HOLLAND@sakilacustomer.org
257,MARSHA,DOUGLAS,MARSHA.DOUGLAS@sakilacustomer.org
258,MYRTLE,FLEMING,MYRTLE.FLEMING@sakilacustomer.org
259,LENA,JENSEN,LENA.JENSEN@sakilacustomer.org
260,CHRISTY,VARGAS,CHRISTY.VARGAS@sakilacustomer.org
261,DEANNA,BYRD,DEANNA.BYRD@sakilacustomer.org
262,PATSY,DAVIDSON,PATSY.DAVIDSON@sakilacustomer.org
263,HILDA,HOPKINS,HILDA.HOPKINS@sakilacustomer.org
264,GWENDOLYN,MAY,GWENDOLYN.MAY@sakilacustomer.org
265,JENNIE,TERRY,JENNIE.TERRY@sakilacustomer.org
266,NORA,HERRERA,NORA.HERRERA@sakilacustomer.org
267,MARGIE,WADE,MARGIE.WADE@sakilacustomer.org
268,NINA,SOTO,NINA.SOTO@sakilacustomer.org
269,CASSANDRA,WALTERS,CASSANDRA.WALTERS@sakilacustomer.org
270,LEAH,CURTIS,LEAH.CURTIS@sakilacustomer.org
271,PENNY,NEAL,PENNY.NEAL@sakilacustomer.org
272,KAY,CALDWELL,KAY.CALDWELL@sakilacustomer.org
273,PRISCILLA,LOWE,PRISCILLA.LOWE@sakilacustomer.org
274,NAOMI,JENNINGS,NAOMI.JENNINGS@sakilacustomer.org
275,CAROLE,BARNETT,CAROLE.BARNETT@sakilacustomer.org
276,BRANDY,GRAVES,BRANDY.GRAVES@sakilacustomer.org
277,OLGA,JIMENEZ,OLGA.JIMENEZ@sakilacustomer.org
278,BILLIE,HORTON,BILLIE.HORTON@sakilacustomer.org
279,DIANNE,SHELTON,DIANNE.SHELTON@sakilacustomer.org
280,TRACEY,BARRETT,TRACEY.BARRETT@sakilacustomer.org
281,LEONA,OBRIEN,LEONA.OBRIEN@sakilacustomer.org
282,JENNY,CASTRO,JENNY.CASTRO@sakilacustomer.org
283,FELICIA,SUTTON,FELICIA.SUTTON@sakilacustomer.org
284,SONIA,GREGORY,SONIA.GREGORY@sakilacustomer.org
285,MIRIAM,MCKINNEY,MIRIAM.MCKINNEY@sakilacustomer.org
286,VELMA,LUCAS,VELMA.LUCAS@sakilacustomer.org
287,BECKY,MILES,BECKY.MILES@sakilacustomer.org
288,BOBBIE,CRAIG,BOBBIE.CRAIG@sakilacustomer.org
289,VIOLET,RODRIQUEZ,VIOLET.RODRIQUEZ@sakilacustomer.org
290,KRISTINA,CHAMBERS,KRISTINA.CHAMBERS@sakilacustomer.org
291,TONI,HOLT,TONI.HOLT@sakilacustomer.org
292,MISTY,LAMBERT,MISTY.LAMBERT@sakilacustomer.org
293,MAE,FLETCHER,MAE.FLETCHER@sakilacustomer.org
294,SHELLY,WATTS,SHELLY.WATTS@sakilacustomer.org
295,DAISY,BATES,DAISY.BATES@sakilacustomer.org
296,RAMONA,HALE,RAMONA.HALE@sakilacustomer.org
297,SHERRI,RHODES,SHERRI.RHODES@sakilacustomer.org
298,ERIKA,PENA,ERIKA.PENA@sakilacustomer.org
299,JAMES,GANNON,JAMES.GANNON@sakilacustomer.org
300,JOHN,FARNSWORTH,JOHN.FARNSWORTH@sakilacustomer.org
301,ROBERT,BAUGHMAN,ROBERT.BAUGHMAN@sakilacustomer.org
302,MICHAEL,SILVERMAN,MICHAEL.SILVERMAN@sakilacustomer.org
303,WILLIAM,SATTERFIELD,WILLIAM.SATTERFIELD@sakilacustomer.org
304,DAVID,ROYAL,DAVID.ROYAL@sakilacustomer.org
305,RICHARD,MCCRARY,RICHARD.MCCRARY@sakilacustomer.org
306,CHARLES,KOWALSKI,CHARLES.KOWALSKI@sakilacustomer.org
307,JOSEPH,JOY,JOSEPH.JOY@sakilacustomer.org
308,THOMAS,GRIGSBY,THOMAS.GRIGSBY@sakilacustomer.org
309,CHRISTOPHER,GRECO,CHRISTOPHER.GRECO@sakilacustomer.org
310,DANIEL,CABRAL,DANIEL.CABRAL@sakilacustomer.org
311,PAUL,TROUT,PAUL.TROUT@sakilacustomer.org
312,MARK,RINEHART,MARK.RINEHART@sakilacustomer.org
313,DONALD,MAHON,DONALD.MAHON@sakilacustomer.org
314,GEORGE,LINTON,GEORGE.LINTON@sakilacustomer.org
315,KENNETH,GOODEN,KENNETH.GOODEN@sakilacustomer.org
316,STEVEN,CURLEY,STEVEN.CURLEY@sakilacustomer.org
317,EDWARD,BAUGH,EDWARD.BAUGH@sakilacustomer.org
318,BRIAN,WYMAN,BRIAN.WYMAN@sakilacustomer.org
319,RONALD,WEINER,RONALD.WEINER@sakilacustomer.org
320,ANTHONY,SCHWAB,ANTHONY.SCHWAB@sakilacustomer.org
321,KEVIN,SCHULER,KEVIN.SCHULER@sakilacustomer.org
322,JASON,MORRISSEY,JASON.MORRISSEY@sakilacustomer.org
323,MATTHEW,MAHAN,MATTHEW.MAHAN@sakilacustomer.org
324,GARY,COY,GARY.COY@sakilacustomer.org
325,TIMOTHY,BUNN,TIMOTHY.BUNN@sakilacustomer.org
326,JOSE,ANDREW,JOSE.ANDREW@sakilacustomer.org
327,LARRY,THRASHER,LARRY.THRASHER@sakilacustomer.org
328,JEFFREY,SPEAR,JEFFREY.SPEAR@sakilacustomer.org
329,FRANK,WAGGONER,FRANK.WAGGONER@sakilacustomer.org
330,SCOTT,SHELLEY,SCOTT.SHELLEY@sakilacustomer.org
331,ERIC,ROBERT,ERIC.ROBERT@sakilacustomer.org
332,STEPHEN,QUALLS,STEPHEN.QUALLS@sakilacustomer.org
333,ANDREW,PURDY,ANDREW.PURDY@sakilacustomer.org
334,RAYMOND,MCWHORTER,RAYMOND.MCWHORTER@sakilacustomer.org
335,GREGORY,MAULDIN,GREGORY.MAULDIN@sakilacustomer.org
336,JOSHUA,MARK,JOSHUA.MARK@sakilacustomer.org
337,JERRY,JORDON,JERRY.JORDON@sakilacustomer.org
338,DENNIS,GILMAN,DENNIS.GILMAN@sakilacustomer.org
339,WALTER,PERRYMAN,WALTER.PERRYMAN@sakilacustomer.org
340,PATRICK,NEWSOM,PATRICK.NEWSOM@sakilacustomer.org
341,PETER,MENARD,PETER.MENARD@sakilacustomer.org
342,HAROLD,MARTINO,HAROLD.MARTINO@sakilacustomer.org
343,DOUGLAS,GRAF,DOUGLAS.GRAF@sakilacustomer.org
344,HENRY,BILLINGSLEY,HENRY.BILLINGSLEY@sakilacustomer.org
345,CARL,ARTIS,CARL.ARTIS@sakilacustomer.org
346,ARTHUR,SIMPKINS,ARTHUR.SIMPKINS@sakilacustomer.org
347,RYAN,SALISBURY,RYAN.SALISBURY@sakilacustomer.org
348,ROGER,QUINTANILLA,ROGER.QUINTANILLA@sakilacustomer.org
349,JOE,GILLILAND,JOE.GILLILAND@sakilacustomer.org
350,JUAN,FRALEY,JUAN.FRALEY@sakilacustomer.org
351,JACK,FOUST,JACK.FOUST@sakilacustomer.org
352,ALBERT,CROUSE,ALBERT.CROUSE@sakilacustomer.org
353,JONATHAN,SCARBOROUGH,JONATHAN.SCARBOROUGH@sakilacustomer.org
354,JUSTIN,NGO,JUSTIN.NGO@sakilacustomer.org
355,TERRY,GRISSOM,TERRY.GRISSOM@sakilacustomer.org
356,GERALD,FULTZ,GERALD.FULTZ@sakilacustomer.org
357,KEITH,RICO,KEITH.RICO@sakilacustomer.org
358,SAMUEL,MARLOW,SAMUEL.MARLOW@sakilacustomer.org
359,WILLIE,MARKHAM,WILLIE.MARKHAM@sakilacustomer.org
360,RALPH,MADRIGAL,RALPH.MADRIGAL@sakilacustomer.org
361,LAWRENCE,LAWTON,LAWRENCE.LAWTON@sakilacustomer.org
362,NICHOLAS,BARFIELD,NICHOLAS.BARFIELD@sakilacustomer.org
363,ROY,WHITING,ROY.WHITING@sakilacustomer.org
364,BENJAMIN,VARNEY,BENJAMIN.VARNEY@sakilacustomer.org
365,BRUCE,SCHWARZ,BRUCE.SCHWARZ@sakilacustomer.org
366,BRANDON,HUEY,BRANDON.HUEY@sakilacustomer.org
367,ADAM,GOOCH,ADAM.GOOCH@sakilacustomer.org
368,HARRY,ARCE,HARRY.ARCE@sakilacustomer.org
369,FRED,WHEAT,FRED.WHEAT@sakilacustomer.org
370,WAYNE,TRUONG,WAYNE.TRUONG@sakilacustomer.org
371,BILLY,POULIN,BILLY.POULIN@sakilacustomer.org
372,STEVE,MACKENZIE,STEVE.MACKENZIE@sakilacustomer.org
373,LOUIS,LEONE,LOUIS.LEONE@sakilacustomer.org
374,JEREMY,HURTADO,JEREMY.HURTADO@sakilacustomer.org
375,AARON,SELBY,AARON.SELBY@sakilacustomer.org
376,RANDY,GAITHER,RANDY.GAITHER@sakilacustomer.org
377,HOWARD,FORTNER,HOWARD.FORTNER@sakilacustomer.org
378,EUGENE,CULPEPPER,EUGENE.CULPEPPER@sakilacustomer.org
379,CARLOS,COUGHLIN,CARLOS.COUGHLIN@sakilacustomer.org
380,RUSSELL,BRINSON,RUSSELL.BRINSON@sakilacustomer.org
381,BOBBY,BOUDREAU,BOBBY.BOUDREAU@sakilacustomer.org
382,VICTOR,BARKLEY,VICTOR.BARKLEY@sakilacustomer.org
383,MARTIN,BALES,MARTIN.BALES@sakilacustomer.org
384,ERNEST,STEPP,ERNEST.STEPP@sakilacustomer.org
385,PHILLIP,HOLM,PHILLIP.HOLM@sakilacustomer.org
386,TODD,TAN,TODD.TAN@sakilacustomer.org
387,JESSE,SCHILLING,JESSE.SCHILLING@sakilacustomer.org
388,CRAIG,MORRELL,CRAIG.MORRELL@sakilacustomer.org
389,ALAN,KAHN,ALAN.KAHN@sakilacustomer.org
390,SHAWN,HEATON,SHAWN.HEATON@sakilacustomer.org
391,CLARENCE,GAMEZ,CLARENCE.GAMEZ@sakilacustomer.org
392,SEAN,DOUGLASS,SEAN.DOUGLASS@sakilacustomer.org
393,PHILIP,CAUSEY,PHILIP.CAUSEY@sakilacustomer.org
394,CHRIS,BROTHERS,CHRIS.BROTHERS@sakilacustomer.org
395,JOHNNY,TURPIN,JOHNNY.TURPIN@sakilacustomer.org
396,EARL,SHANKS,EARL.SHANKS@sakilacustomer.org
397,JIMMY,SCHRADER,JIMMY.SCHRADER@sakilacustomer.org
398,ANTONIO,MEEK,ANTONIO.MEEK@sakilacustomer.org
399,DANNY,ISOM,DANNY.ISOM@sakilacustomer.org
400,BRYAN,HARDISON,BRYAN.HARDISON@sakilacustomer.org
401,TONY,CARRANZA,TONY.CARRANZA@sakilacustomer.org
402,LUIS,YANEZ,LUIS.YANEZ@sakilacustomer.org
403,MIKE,WAY,MIKE.WAY@sakilacustomer.org
404,STANLEY,SCROGGINS,STANLEY.SCROGGINS@sakilacustomer.org
405,LEONARD,SCHOFIELD,LEONARD.SCHOFIELD@sakilacustomer.org
406,NATHAN,RUNYON,NATHAN.RUNYON@sakilacustomer.org
407,DALE,RATCLIFF,DALE.RATCLIFF@sakilacustomer.org
408,MANUEL,MURRELL,MANUEL.MURRELL@sakilacustomer.org
409,RODNEY,MOELLER,RODNEY.MOELLER@sakilacustomer.org
410,CURTIS,IRBY,CURTIS.IRBY@sakilacustomer.org
411,NORMAN,CURRIER,NORMAN.CURRIER@sakilacustomer.org
412,ALLEN,BUTTERFIELD,ALLEN.BUTTERFIELD@sakilacustomer.org
413,MARVIN,YEE,MARVIN.YEE@sakilacustomer.org
414,VINCENT,RALSTON,VINCENT.RALSTON@sakilacustomer.org
415,GLENN,PULLEN,GLENN.PULLEN@sakilacustomer.org
416,JEFFERY,PINSON,JEFFERY.PINSON@sakilacustomer.org
417,TRAVIS,ESTEP,TRAVIS.ESTEP@sakilacustomer.org
418,JEFF,EAST,JEFF.EAST@sakilacustomer.org
419,CHAD,CARBONE,CHAD.CARBONE@sakilacustomer.org
420,JACOB,LANCE,JACOB.LANCE@sakilacustomer.org
421,LEE,HAWKS,LEE.HAWKS@sakilacustomer.org
422,MELVIN,ELLINGTON,MELVIN.ELLINGTON@sakilacustomer.org
423,ALFRED,CASILLAS,ALFRED.CASILLAS@sakilacustomer.org
424,KYLE,SPURLOCK,KYLE.SPURLOCK@sakilacustomer.org
425,FRANCIS,SIKES,FRANCIS.SIKES@sakilacustomer.org
426,BRADLEY,MOTLEY,BRADLEY.MOTLEY@sakilacustomer.org
427,JESUS,MCCARTNEY,JESUS.MCCARTNEY@sakilacustomer.org
428,HERBERT,KRUGER,HERBERT.KRUGER@sakilacustomer.org
429,FREDERICK,ISBELL,FREDERICK.ISBELL@sakilacustomer.org
430,RAY,HOULE,RAY.HOULE@sakilacustomer.org
431,JOEL,FRANCISCO,JOEL.FRANCISCO@sakilacustomer.org
432,EDWIN,BURK,EDWIN.BURK@sakilacustomer.org
433,DON,BONE,DON.BONE@sakilacustomer.org
434,EDDIE,TOMLIN,EDDIE.TOMLIN@sakilacustomer.org
435,RICKY,SHELBY,RICKY.SHELBY@sakilacustomer.org
436,TROY,QUIGLEY,TROY.QUIGLEY@sakilacustomer.org
437,RANDALL,NEUMANN,RANDALL.NEUMANN@sakilacustomer.org
438,BARRY,LOVELACE,BARRY.LOVELACE@sakilacustomer.org
439,ALEXANDER,FENNELL,ALEXANDER.FENNELL@sakilacustomer.org
440,BERNARD,COLBY,BERNARD.COLBY@sakilacustomer.org
441,MARIO,CHEATHAM,MARIO.CHEATHAM@sakilacustomer.org
442,LEROY,BUSTAMANTE,LEROY.BUSTAMANTE@sakilacustomer.org
443,FRANCISCO,SKIDMORE,FRANCISCO.SKIDMORE@sakilacustomer.org
444,MARCUS,HIDALGO,MARCUS.HIDALGO@sakilacustomer.org
445,MICHEAL,FORMAN,MICHEAL.FORMAN@sakilacustomer.org
446,THEODORE,CULP,THEODORE.CULP@sakilacustomer.org
447,CLIFFORD,BOWENS,CLIFFORD.BOWENS@sakilacustomer.org
448,MIGUEL,BETANCOURT,MIGUEL.BETANCOURT@sakilacustomer.org
449,OSCAR,AQUINO,OSCAR.AQUINO@sakilacustomer.org
450,JAY,ROBB,JAY.ROBB@sakilacustomer.org
451,JIM,REA,JIM.REA@sakilacustomer.org
452,TOM,MILNER,TOM.MILNER@sakilacustomer.org
453,CALVIN,MARTEL,CALVIN.MARTEL@sakilacustomer.org
454,ALEX,GRESHAM,ALEX.GRESHAM@sakilacustomer.org
455,JON,WILES,JON.WILES@sakilacustomer.org
456,RONNIE,RICKETTS,RONNIE.RICKETTS@sakilacustomer.org
457,BILL,GAVIN,BILL.GAVIN@sakilacustomer.org
458,LLOYD,DOWD,LLOYD.DOWD@sakilacustomer.org
459,TOMMY,COLLAZO,TOMMY.COLLAZO@sakilacustomer.org
460,LEON,BOSTIC,LEON.BOSTIC@sakilacustomer.org
461,DEREK,BLAKELY,DEREK.BLAKELY@sakilacustomer.org
462,WARREN,SHERROD,WARREN.SHERROD@sakilacustomer.org
463,DARRELL,POWER,DARRELL.POWER@sakilacustomer.org
464,JEROME,KENYON,JEROME.KENYON@sakilacustomer.org
465,FLOYD,GANDY,FLOYD.GANDY@sakilacustomer.org
466,LEO,EBERT,LEO.EBERT@sakilacustomer.org
467,ALVIN,DELOACH,ALVIN.DELOACH@sakilacustomer.org
468,TIM,CARY,TIM.CARY@sakilacustomer.org
469,WESLEY,BULL,WESLEY.BULL@sakilacustomer.org
470,GORDON,ALLARD,GORDON.ALLARD@sakilacustomer.org
471,DEAN,SAUER,DEAN.SAUER@sakilacustomer.org
472,GREG,ROBINS,GREG.ROBINS@sakilacustomer.org
473,JORGE,OLIVARES,JORGE.OLIVARES@sakilacustomer.org
474,DUSTIN,GILLETTE,DUSTIN.GILLETTE@sakilacustomer.org
475,PEDRO,CHESTNUT,PEDRO.CHESTNUT@sakilacustomer.org
476,DERRICK,BOURQUE,DERRICK.BOURQUE@sakilacustomer.org
477,DAN,PAINE,DAN.PAINE@sakilacustomer.org
478,LEWIS,LYMAN,LEWIS.LYMAN@sakilacustomer.org
479,ZACHARY,HITE,ZACHARY.HITE@sakilacustomer.org
480,COREY,HAUSER,COREY.HAUSER@sakilacustomer.org
481,HERMAN,DEVORE,HERMAN.DEVORE@sakilacustomer.org
482,MAURICE,CRAWLEY,MAURICE.CRAWLEY@sakilacustomer.org
483,VERNON,CHAPA,VERNON.CHAPA@sakilacustomer.org
484,ROBERTO,VU,ROBERTO.VU@sakilacustomer.org
485,CLYDE,TOBIAS,CLYDE.TOBIAS@sakilacustomer.org
486,GLEN,TALBERT,GLEN.TALBERT@sakilacustomer.org
487,HECTOR,POINDEXTER,HECTOR.POINDEXTER@sakilacustomer.org
488,SHANE,MILLARD,SHANE.MILLARD@sakilacustomer.org
489,RICARDO,MEADOR,RICARDO.MEADOR@sakilacustomer.org
490,SAM,MCDUFFIE,SAM.MCDUFFIE@sakilacustomer.org
491,RICK,MATTOX,RICK.MATTOX@sakilacustomer.org
492,LESTER,KRAUS,LESTER.KRAUS@sakilacustomer.org
493,BRENT,HARKINS,BRENT.HARKINS@sakilacustomer.org
494,RAMON,CHOATE,RAMON.CHOATE@sakilacustomer.org
495,CHARLIE,BESS,CHARLIE.BESS@sakilacustomer.org
496,TYLER,WREN,TYLER.WREN@sakilacustomer.org
497,GILBERT,SLEDGE,GILBERT.SLEDGE@sakilacustomer.org
498,GENE,SANBORN,GENE.SANBORN@sakilacustomer.org
499,MARC,OUTLAW,MARC.OUTLAW@sakilacustomer.org
500,REGINALD,KINDER,REGINALD.KINDER@sakilacustomer.org
501,RUBEN,GEARY,RUBEN.GEARY@sakilacustomer.org
502,BRETT,CORNWELL,BRETT.CORNWELL@sakilacustomer.org
503,ANGEL,BARCLAY,ANGEL.BARCLAY@sakilacustomer.org
504,NATHANIEL,ADAM,NATHANIEL.ADAM@sakilacustomer.org
505,RAFAEL,ABNEY,RAFAEL.ABNEY@sakilacustomer.org
506,LESLIE,SEWARD,LESLIE.SEWARD@sakilacustomer.org
507,EDGAR,RHOADS,EDGAR.RHOADS@sakilacustomer.org
508,MILTON,HOWLAND,MILTON.HOWLAND@sakilacustomer.org
509,RAUL,FORTIER,RAUL.FORTIER@sakilacustomer.org
510,BEN,EASTER,BEN.EASTER@sakilacustomer.org
511,CHESTER,BENNER,CHESTER.BENNER@sakilacustomer.org
512,CECIL,VINES,CECIL.VINES@sakilacustomer.org
513,DUANE,TUBBS,DUANE.TUBBS@sakilacustomer.org
514,FRANKLIN,TROUTMAN,FRANKLIN.TROUTMAN@sakilacustomer.org
515,ANDRE,RAPP,ANDRE.RAPP@sakilacustomer.org
516,ELMER,NOE,ELMER.NOE@sakilacustomer.org
517,BRAD,MCCURDY,BRAD.MCCURDY@sakilacustomer.org
518,GABRIEL,HARDER,GABRIEL.HARDER@sakilacustomer.org
519,RON,DELUCA,RON.DELUCA@sakilacustomer.org
520,MITCHELL,WESTMORELAND,MITCHELL.WESTMORELAND@sakilacustomer.org
521,ROLAND,SOUTH,ROLAND.SOUTH@sakilacustomer.org
522,ARNOLD,HAVENS,ARNOLD.HAVENS@sakilacustomer.org
523,HARVEY,GUAJARDO,HARVEY.GUAJARDO@sakilacustomer.org
524,JARED,ELY,JARED.ELY@sakilacustomer.org
525,ADRIAN,CLARY,ADRIAN.CLARY@sakilacustomer.org
526,KARL,SEAL,KARL.SEAL@sakilacustomer.org
527,CORY,MEEHAN,CORY.MEEHAN@sakilacustomer.org
528,CLAUDE,HERZOG,CLAUDE.HERZOG@sakilacustomer.org
529,ERIK,GUILLEN,ERIK.GUILLEN@sakilacustomer.org
530,DARRYL,ASHCRAFT,DARRYL.ASHCRAFT@sakilacustomer.org
531,JAMIE,WAUGH,JAMIE.WAUGH@sakilacustomer.org
532,NEIL,RENNER,NEIL.RENNER@sakilacustomer.org
533,JESSIE,MILAM,JESSIE.MILAM@sakilacustomer.org
534,CHRISTIAN,JUNG,CHRISTIAN.JUNG@sakilacustomer.org
535,JAVIER,ELROD,JAVIER.ELROD@sakilacustomer.org
536,FERNANDO,CHURCHILL,FERNANDO.CHURCHILL@sakilacustomer.org
537,CLINTON,BUFORD,CLINTON.BUFORD@sakilacustomer.org
538,TED,BREAUX,TED.BREAUX@sakilacustomer.org
539,MATHEW,BOLIN,MATHEW.BOLIN@sakilacustomer.org
540,TYRONE,ASHER,TYRONE.ASHER@sakilacustomer.org
541,DARREN,WINDHAM,DARREN.WINDHAM@sakilacustomer.org
542,LONNIE,TIRADO,LONNIE.TIRADO@sakilacustomer.org
543,LANCE,PEMBERTON,LANCE.PEMBERTON@sakilacustomer.org
544,CODY,NOLEN,CODY.NOLEN@sakilacustomer.org
545,JULIO,NOLAND,JULIO.NOLAND@sakilacustomer.org
546,KELLY,KNOTT,KELLY.KNOTT@sakilacustomer.org
547,KURT,EMMONS,KURT.EMMONS@sakilacustomer.org
548,ALLAN,CORNISH,ALLAN.CORNISH@sakilacustomer.org
549,NELSON,CHRISTENSON,NELSON.CHRISTENSON@sakilacustomer.org
550,GUY,BROWNLEE,GUY.BROWNLEE@sakilacustomer.org
551,CLAYTON,BARBEE,CLAYTON.BARBEE@sakilacustomer.org
552,HUGH,WALDROP,HUGH.WALDROP@sakilacustomer.org
553,MAX,PITT,MAX.PITT@sakilacustomer.org
554,DWAYNE,OLVERA,DWAYNE.OLVERA@sakilacustomer.org
555,DWIGHT,LOMBARDI,DWIGHT.LOMBARDI@sakilacustomer.org
556,ARMANDO,GRUBER,ARMANDO.GRUBER@sakilacustomer.org
557,FELIX,GAFFNEY,FELIX.GAFFNEY@sakilacustomer.org
558,JIMMIE,EGGLESTON,JIMMIE.EGGLESTON@sakilacustomer.org
559,EVERETT,BANDA,EVERETT.BANDA@sakilacustomer.org
560,JORDAN,ARCHULETA,JORDAN.ARCHULETA@sakilacustomer.org
561,IAN,STILL,IAN.STILL@sakilacustomer.org
562,WALLACE,SLONE,WALLACE.SLONE@sakilacustomer.org
563,KEN,PREWITT,KEN.PREWITT@sakilacustomer.org
564,BOB,PFEIFFER,BOB.PFEIFFER@sakilacustomer.org
565,JAIME,NETTLES,JAIME.NETTLES@sakilacustomer.org
566,CASEY,MENA,CASEY.MENA@sakilacustomer.org
567,ALFREDO,MCADAMS,ALFREDO.MCADAMS@sakilacustomer.org
568,ALBERTO,HENNING,ALBERTO.HENNING@sakilacustomer.org
569,DAVE,GARDINER,DAVE.GARDINER@sakilacustomer.org
570,IVAN,CROMWELL,IVAN.CROMWELL@sakilacustomer.org
571,JOHNNIE,CHISHOLM,JOHNNIE.CHISHOLM@sakilacustomer.org
572,SIDNEY,BURLESON,SIDNEY.BURLESON@sakilacustomer.org
573,BYRON,BOX,BYRON.BOX@sakilacustomer.org
574,JULIAN,VEST,JULIAN.VEST@sakilacustomer.org
575,ISAAC,OGLESBY,ISAAC.OGLESBY@sakilacustomer.org
576,MORRIS,MCCARTER,MORRIS.MCCARTER@sakilacustomer.org
577,CLIFTON,MALCOLM,CLIFTON.MALCOLM@sakilacustomer.org
578,WILLARD,LUMPKIN,WILLARD.LUMPKIN@sakilacustomer.org
579,DARYL,LARUE,DARYL.LARUE@sakilacustomer.org
580,ROSS,GREY,ROSS.GREY@sakilacustomer.org
581,VIRGIL,WOFFORD,VIRGIL.WOFFORD@sakilacustomer.org
582,ANDY,VANHORN,ANDY.VANHORN@sakilacustomer.org
583,MARSHALL,THORN,MARSHALL.THORN@sakilacustomer.org
584,SALVADOR,TEEL,SALVADOR.TEEL@sakilacustomer.org
585,PERRY,SWAFFORD,PERRY.SWAFFORD@sakilacustomer.org
586,KIRK,STCLAIR,KIRK.STCLAIR@sakilacustomer.org
587,SERGIO,STANFIELD,SERGIO.STANFIELD@sakilacustomer.org
588,MARION,OCAMPO,MARION.OCAMPO@sakilacustomer.org
589,TRACY,HERRMANN,TRACY.HERRMANN@sakilacustomer.org
590,SETH,HANNON,SETH.HANNON@sakilacustomer.org
591,KENT,ARSENAULT,KENT.ARSENAULT@sakilacustomer.org
592,TERRANCE,ROUSH,TERRANCE.ROUSH@sakilacustomer.org
593,RENE,MCALISTER,RENE.MCALISTER@sakilacustomer.org
594,EDUARDO,HIATT,EDUARDO.HIATT@sakilacustomer.org
595,TERRENCE,GUNDERSON,TERRENCE.GUNDERSON@sakilacustomer.org
596,ENRIQUE,FORSYTHE,ENRIQUE.FORSYTHE@sakilacustomer.org
597,FREDDIE,DUGGAN,FREDDIE.DUGGAN@sakilacustomer.org
598,WADE,DELVALLE,WADE.DELVALLE@sakilacustomer.org
599,AUSTIN,CINTRON,AUSTIN.CINTRON@sakilacustomer.org
